City_ID,City,Country,Date,Lat,Lng,Max Temp,Humidity,Cloudiness,Wind Speed,Current Description
0,Jamestown,US,2021-07-20 01:50:21,42.097,-79.2353,71.24,78,1,6.91,clear sky
1,Mashhad,IR,2021-07-20 01:50:46,36.297,59.6062,71.74,35,0,4.61,clear sky
2,Gao,ML,2021-07-20 01:50:46,16.6362,1.637,89.02,35,100,16.35,overcast clouds
3,Newberry,US,2021-07-20 01:50:46,34.2746,-81.6187,74.14,97,100,3.38,light rain
4,Surdulica,RS,2021-07-20 01:50:47,42.6906,22.1708,67.69,99,90,3.0,overcast clouds
5,Codrington,AU,2021-07-20 01:50:47,-38.2667,141.9667,49.21,62,100,28.66,overcast clouds
6,Viedma,AR,2021-07-20 01:50:47,-40.8135,-62.9967,49.12,31,45,9.37,scattered clouds
7,Shadegan,IR,2021-07-20 01:50:48,30.6497,48.6647,91.35,54,24,5.75,few clouds
8,Cape Town,ZA,2021-07-20 01:45:52,-33.9258,18.4232,53.11,87,75,1.99,light rain
9,Tazovskiy,RU,2021-07-20 01:50:48,67.4667,78.7,52.27,61,6,4.7,clear sky
10,Vacha,RU,2021-07-20 01:50:49,55.8008,42.7706,63.81,95,57,4.5,broken clouds
11,Ushuaia,AR,2021-07-20 01:50:49,-54.8,-68.3,38.86,81,20,2.3,few clouds
12,Saint-Philippe,RE,2021-07-20 01:50:50,-21.3585,55.7679,69.39,74,69,15.37,broken clouds
13,Arraial Do Cabo,BR,2021-07-20 01:50:50,-22.9661,-42.0278,66.13,58,25,27.07,scattered clouds
14,Hithadhoo,MV,2021-07-20 01:47:12,-0.6,73.0833,81.14,73,76,5.91,broken clouds
15,Olinda,BR,2021-07-20 01:50:50,-8.0089,-34.8553,76.73,69,90,4.61,overcast clouds
16,Margate,GB,2021-07-20 01:47:28,51.3813,1.3862,64.96,93,5,8.19,clear sky
17,Dikson,RU,2021-07-20 01:50:51,73.5069,80.5464,40.26,78,22,7.54,few clouds
18,Lourdes,FR,2021-07-20 01:50:51,43.1,-0.05,66.94,94,20,5.75,few clouds
19,Camacha,PT,2021-07-20 01:50:51,33.0833,-16.3333,68.54,68,75,8.05,broken clouds
20,Hermanus,ZA,2021-07-20 01:50:52,-34.4187,19.2345,51.91,84,100,1.63,light rain
21,Cidreira,BR,2021-07-20 01:50:52,-30.1811,-50.2056,50.2,76,77,13.35,broken clouds
22,Qaanaaq,GL,2021-07-20 01:50:52,77.484,-69.3632,38.1,79,99,2.15,overcast clouds
23,Maua,BR,2021-07-20 01:50:53,-23.6678,-46.4614,52.09,54,57,2.53,broken clouds
24,Victoria,HK,2021-07-20 01:47:36,22.2855,114.1577,80.94,95,100,5.99,moderate rain
25,Comodoro Rivadavia,AR,2021-07-20 01:50:35,-45.8667,-67.5,58.86,44,0,12.66,clear sky
26,Georgetown,MY,2021-07-20 01:47:10,5.4112,100.3354,85.93,83,20,0.0,haze
27,Monrovia,LR,2021-07-20 01:50:55,6.3005,-10.7969,76.77,85,99,12.71,light rain
28,Vila Franca Do Campo,PT,2021-07-20 01:47:24,37.7167,-25.4333,70.21,88,92,10.76,overcast clouds
29,Clyde River,CA,2021-07-20 01:50:56,70.4692,-68.5914,37.63,81,90,5.75,overcast clouds
30,Peniche,PT,2021-07-20 01:50:56,39.3558,-9.3811,65.73,83,100,17.02,overcast clouds
31,Khakhea,BW,2021-07-20 01:50:56,-24.6895,23.494,42.8,45,0,9.46,clear sky
32,Ponta Do Sol,PT,2021-07-20 01:50:57,32.6667,-17.1,72.01,78,1,4.79,clear sky
33,Chaykovskaya,RU,2021-07-20 01:50:57,58.1279,55.5378,62.49,80,58,3.62,broken clouds
34,East London,ZA,2021-07-20 01:47:27,-33.0153,27.9116,59.14,81,39,7.54,scattered clouds
35,Burdur,TR,2021-07-20 01:50:57,37.7203,30.2908,61.5,51,0,1.14,clear sky
36,Ust-Kulom,RU,2021-07-20 01:50:58,61.6864,53.6902,64.27,83,37,6.11,scattered clouds
37,Nouadhibou,MR,2021-07-20 01:50:58,20.931,-17.0347,78.78,65,98,14.97,overcast clouds
38,Saint-Felicien,CA,2021-07-20 01:46:17,48.6501,-72.4491,68.68,68,90,9.22,haze
39,Mahebourg,MU,2021-07-20 01:47:09,-20.4081,57.7,70.09,68,40,12.66,scattered clouds
40,Stornoway,GB,2021-07-20 01:50:59,58.2093,-6.3865,57.16,94,90,4.61,overcast clouds
41,Torbay,CA,2021-07-20 01:50:59,47.6666,-52.7314,64.27,83,90,10.36,overcast clouds
42,Gallipoli,TR,2021-07-20 01:50:59,40.4103,26.6708,72.72,76,0,4.16,clear sky
43,Eidsvag,NO,2021-07-20 01:51:00,62.7767,8.0668,54.25,93,100,4.41,overcast clouds
44,Bathsheba,BB,2021-07-20 01:51:00,13.2167,-59.5167,81.21,78,40,21.85,scattered clouds
45,Calamar,CO,2021-07-20 01:51:00,10.2511,-74.9146,82.35,87,71,3.0,broken clouds
46,Mar Del Plata,AR,2021-07-20 01:51:00,-38.0023,-57.5575,48.99,69,0,3.0,clear sky
47,Jumla,NP,2021-07-20 01:51:01,29.2747,82.1838,63.93,92,100,2.62,overcast clouds
48,Upernavik,GL,2021-07-20 01:47:18,72.7868,-56.1549,40.93,97,100,6.02,light rain
49,Sao Filipe,CV,2021-07-20 01:51:01,14.8961,-24.4956,74.39,86,57,9.22,broken clouds
50,Faya,SA,2021-07-20 01:51:01,18.3851,42.4509,62.71,65,100,12.8,overcast clouds
51,Punta Arenas,CL,2021-07-20 01:51:02,-53.15,-70.9167,39.31,81,0,23.02,clear sky
52,Morondava,MG,2021-07-20 01:51:02,-20.2833,44.2833,69.31,73,33,4.21,scattered clouds
53,Ribeira Grande,PT,2021-07-20 01:51:03,38.5167,-28.7,70.21,87,95,23.2,overcast clouds
54,Touros,BR,2021-07-20 01:51:03,-5.1989,-35.4608,74.3,80,10,15.12,clear sky
55,Saint Anthony,US,2021-07-20 01:51:03,45.0205,-93.218,83.82,60,1,1.99,clear sky
56,Longyearbyen,SJ,2021-07-20 01:47:43,78.2186,15.6401,42.64,75,75,6.91,broken clouds
57,Busselton,AU,2021-07-20 01:51:04,-33.65,115.3333,55.04,79,100,16.51,overcast clouds
58,Santiago,CL,2021-07-20 01:48:00,-33.4569,-70.6483,59.85,32,0,1.14,clear sky
59,Manaure,CO,2021-07-20 01:51:04,11.7751,-72.4445,82.58,70,2,19.48,clear sky
60,Kutum,SD,2021-07-20 01:51:04,14.2,24.6667,73.44,69,71,14.45,broken clouds
61,Uige,AO,2021-07-20 01:51:05,-7.6087,15.0613,61.18,70,23,3.53,few clouds
62,Altay,CN,2021-07-20 01:51:05,47.8667,88.1167,77.72,25,13,2.1,few clouds
63,Sao Joao Da Barra,BR,2021-07-20 01:51:05,-21.6403,-41.0511,65.14,53,44,15.77,scattered clouds
64,Nanortalik,GL,2021-07-20 01:47:17,60.1432,-45.2371,41.77,91,30,10.29,scattered clouds
65,Vardo,NO,2021-07-20 01:51:06,70.3705,31.1107,45.05,72,95,16.98,overcast clouds
66,Carnarvon,AU,2021-07-20 01:51:06,-24.8667,113.6333,66.27,78,74,10.36,broken clouds
67,Port Alfred,ZA,2021-07-20 01:51:00,-33.5906,26.891,58.44,87,100,8.93,overcast clouds
68,Miranda,CO,2021-07-20 01:51:07,3.2499,-76.2281,75.33,68,12,6.4,few clouds
69,Vila Do Maio,CV,2021-07-20 01:51:07,15.1333,-23.2167,75.99,88,10,17.27,clear sky
70,Shedok,RU,2021-07-20 01:51:07,44.2179,40.8487,68.0,45,0,5.01,clear sky
71,Maputo,MZ,2021-07-20 01:51:07,-25.9653,32.5892,53.28,94,0,2.3,clear sky
72,Tokmak,UA,2021-07-20 01:51:08,47.2514,35.7058,75.0,66,0,5.68,clear sky
73,Ambrolauri,GE,2021-07-20 01:51:08,42.5211,43.1622,66.9,72,0,5.46,clear sky
74,Kavaratti,IN,2021-07-20 01:51:08,10.5669,72.642,82.4,76,67,15.9,broken clouds
75,Sambava,MG,2021-07-20 01:51:09,-14.2667,50.1667,69.49,88,56,13.27,light rain
76,Coihaique,CL,2021-07-20 01:51:09,-45.5752,-72.0662,44.55,93,75,3.44,shower rain
77,Nkhotakota,MW,2021-07-20 01:51:09,-12.9274,34.2961,64.22,69,0,6.22,clear sky
78,Warri,NG,2021-07-20 01:51:10,5.5167,5.75,74.25,92,100,4.74,overcast clouds
79,Lucea,JM,2021-07-20 01:51:10,18.451,-78.1736,84.06,81,61,9.17,broken clouds
80,Hamilton,US,2021-07-20 01:51:10,39.1834,-84.5333,76.39,75,1,3.44,clear sky
81,Kasama,ZM,2021-07-20 01:51:11,-10.2129,31.1808,48.06,81,0,3.29,clear sky
82,Bambous Virieux,MU,2021-07-20 01:47:14,-20.3428,57.7575,70.05,68,40,12.66,scattered clouds
83,Atlantic City,US,2021-07-20 01:51:11,39.3643,-74.4229,79.02,73,1,6.91,clear sky
84,Gornoye Loo,RU,2021-07-20 01:51:12,43.7129,39.6049,71.38,43,0,5.7,clear sky
85,Souillac,MU,2021-07-20 01:51:12,-20.5167,57.5167,70.18,68,40,12.66,scattered clouds
86,Cockburn Town,TC,2021-07-20 01:51:12,21.4612,-71.1419,81.55,85,4,22.32,clear sky
87,Gemena,CD,2021-07-20 01:51:13,3.25,19.7667,69.93,89,100,0.87,overcast clouds
88,Hals,DK,2021-07-20 01:51:13,56.9961,10.3081,57.0,81,35,16.33,scattered clouds
89,George Town,MY,2021-07-20 01:51:14,5.4112,100.3354,85.93,83,20,1.01,haze
90,Harnosand,SE,2021-07-20 01:51:13,62.6323,17.9379,57.2,71,100,13.53,overcast clouds
91,Pombas,CV,2021-07-20 01:51:15,17.1503,-25.0201,74.98,87,52,10.45,broken clouds
92,Saldanha,ZA,2021-07-20 01:47:03,-33.0117,17.9442,51.85,71,100,16.73,overcast clouds
93,Jizan,SA,2021-07-20 01:51:15,17.3333,42.6667,77.94,62,100,2.82,overcast clouds
94,Kruisfontein,ZA,2021-07-20 01:51:15,-34.0033,24.7314,49.89,84,100,6.38,overcast clouds
95,Teguldet,RU,2021-07-20 01:51:16,57.3064,88.1667,65.62,64,18,1.01,few clouds
96,Saint George,US,2021-07-20 01:51:16,37.1041,-113.5841,88.27,54,75,1.01,broken clouds
97,Jaguarari,BR,2021-07-20 01:50:46,-10.2639,-40.1958,64.63,86,0,5.61,clear sky
98,Carutapera,BR,2021-07-20 01:51:17,-1.195,-46.02,75.24,91,2,4.47,clear sky
99,Cap Malheureux,MU,2021-07-20 01:51:17,-19.9842,57.6142,70.29,71,0,5.01,clear sky
100,Qena,EG,2021-07-20 01:51:17,26.1615,32.7183,87.91,14,54,9.42,broken clouds
101,Paamiut,GL,2021-07-20 01:51:18,61.994,-49.6678,43.48,80,41,6.78,scattered clouds
102,Alpena,US,2021-07-20 01:51:18,45.0617,-83.4327,80.92,54,1,3.44,clear sky
103,Ornskoldsvik,SE,2021-07-20 01:48:46,63.2909,18.7153,55.22,71,90,14.97,overcast clouds
104,Cururupu,BR,2021-07-20 01:51:18,-1.8283,-44.8683,73.92,94,3,2.33,clear sky
105,Thompson,CA,2021-07-20 01:46:51,55.7435,-97.8558,69.96,35,20,3.44,few clouds
106,Bridlington,GB,2021-07-20 01:51:19,54.0831,-0.1919,62.15,92,43,3.69,scattered clouds
107,Pangoa,PE,2021-07-20 01:51:19,-12.1167,-73.0,64.49,88,83,1.23,broken clouds
108,Berlevag,NO,2021-07-20 01:48:23,70.8578,29.0864,44.4,75,22,25.1,few clouds
109,Henties Bay,NA,2021-07-20 01:51:20,-22.116,14.2845,56.86,81,0,8.88,clear sky
110,Arica,CL,2021-07-20 01:51:20,-18.475,-70.3042,57.43,77,0,2.3,clear sky
111,Brest,BY,2021-07-20 01:51:11,52.1,23.7,58.37,84,39,6.2,scattered clouds
112,Roald,NO,2021-07-20 01:51:20,62.5833,6.1333,58.15,88,75,18.41,drizzle
113,Spoleto,IT,2021-07-20 01:51:21,42.7448,12.7374,67.78,79,0,4.9,clear sky
114,Bata,GQ,2021-07-20 01:50:02,1.8639,9.7658,76.86,94,40,4.61,scattered clouds
115,Zlatoust,RU,2021-07-20 01:51:21,55.1711,59.6508,62.13,71,16,2.35,few clouds
116,Karamadai,IN,2021-07-20 01:51:21,11.2406,76.9601,75.58,72,92,4.56,overcast clouds
117,Bestobe,KZ,2021-07-20 01:51:22,52.4994,73.0975,68.41,58,89,3.11,overcast clouds
118,Port Elizabeth,ZA,2021-07-20 01:51:22,-33.918,25.5701,55.69,88,0,9.22,clear sky
119,Santa Maria Da Vitoria,BR,2021-07-20 01:51:22,-13.3947,-44.1886,73.71,34,0,3.02,clear sky
120,Husavik,IS,2021-07-20 01:51:23,66.0449,-17.3389,44.51,82,15,4.52,few clouds
121,Gerash,IR,2021-07-20 01:51:23,27.6652,54.1371,84.34,58,39,1.3,scattered clouds
122,Sawakin,SD,2021-07-20 01:51:23,19.1059,37.3321,91.58,48,100,14.72,overcast clouds
123,Kurmanayevka,RU,2021-07-20 01:51:24,52.5093,52.0675,75.36,56,65,3.49,broken clouds
124,Stalowa Wola,PL,2021-07-20 01:51:24,50.5829,22.0533,65.41,86,42,1.99,scattered clouds
125,Vestmannaeyjar,IS,2021-07-20 01:51:24,63.4427,-20.2734,51.89,92,100,13.76,overcast clouds
126,Vizinga,RU,2021-07-20 01:51:25,61.0749,50.1031,60.15,97,58,4.25,broken clouds
127,Mahajanga,MG,2021-07-20 01:51:25,-15.7167,46.3167,73.42,64,40,5.75,scattered clouds
128,Chuy,UY,2021-07-20 01:47:10,-33.6971,-53.4616,41.83,90,0,6.11,clear sky
129,Ibipeba,BR,2021-07-20 01:51:25,-11.6408,-42.0111,66.16,55,0,4.83,clear sky
130,Hofn,IS,2021-07-20 01:51:26,64.2539,-15.2082,51.64,86,19,5.35,few clouds
131,Taoudenni,ML,2021-07-20 01:51:26,22.6783,-3.9836,102.16,11,93,1.99,overcast clouds
132,Hauterive,FR,2021-07-20 01:51:26,46.0901,3.4459,60.76,96,4,1.97,clear sky
133,Charlestown,AU,2021-07-20 01:51:27,-32.95,151.6667,59.74,49,28,5.01,scattered clouds
134,Dondo,MZ,2021-07-20 01:51:27,-19.6094,34.7431,56.98,87,1,4.68,clear sky
135,Moanda,GA,2021-07-20 01:51:28,-1.5575,13.2178,70.79,72,60,2.98,broken clouds
136,Lincoln,US,2021-07-20 01:51:28,40.8,-96.667,80.51,64,1,8.05,clear sky
137,Abu Dhabi,AE,2021-07-20 01:51:29,24.4667,54.3667,93.31,66,0,4.61,clear sky
138,Ville-Marie,CA,2021-07-20 01:51:29,47.3335,-79.433,68.0,97,100,2.15,moderate rain
139,Swellendam,ZA,2021-07-20 01:51:29,-34.0226,20.4417,48.58,92,100,2.93,overcast clouds
140,Boddam,GB,2021-07-20 01:51:29,57.4667,-1.7833,61.43,91,100,6.89,overcast clouds
141,Atar,MR,2021-07-20 01:51:30,20.5169,-13.0499,91.18,27,88,7.07,overcast clouds
142,Dingle,PH,2021-07-20 01:47:31,10.9995,122.6711,85.08,72,100,13.65,overcast clouds
143,Sisimiut,GL,2021-07-20 01:51:30,66.9395,-53.6735,42.4,89,99,27.11,overcast clouds
144,Hurghada,EG,2021-07-20 01:51:31,27.2574,33.8129,91.44,21,0,18.41,clear sky
145,Vila Velha,BR,2021-07-20 01:50:07,-20.3297,-40.2925,67.95,88,75,10.36,broken clouds
146,Kosh-Agach,RU,2021-07-20 01:51:31,50.0,88.6667,58.78,55,11,2.1,few clouds
147,Karimpur,IN,2021-07-20 01:51:31,23.9667,88.6167,79.27,92,100,7.63,overcast clouds
148,Iquique,CL,2021-07-20 01:50:48,-20.2208,-70.1431,57.24,74,78,7.02,broken clouds
149,Warah,PK,2021-07-20 01:51:32,27.4481,67.7978,94.48,53,68,4.85,broken clouds
150,Salta,AR,2021-07-20 01:48:07,-24.7859,-65.4117,43.39,67,0,3.0,clear sky
151,Bredasdorp,ZA,2021-07-20 01:51:32,-34.5322,20.0403,49.32,93,100,4.61,light rain
152,Tiznit,MA,2021-07-20 01:51:33,29.5833,-9.5,74.08,45,0,4.25,clear sky
153,Rawson,AR,2021-07-20 01:48:22,-43.3002,-65.1023,55.2,39,100,8.39,overcast clouds
154,Novyy Urengoy,RU,2021-07-20 01:51:33,66.0833,76.6333,58.12,57,1,2.15,clear sky
155,Saurimo,AO,2021-07-20 01:51:33,-9.6608,20.3916,54.93,47,8,5.66,clear sky
156,Pampas,PE,2021-07-20 01:51:34,-12.4,-74.9,48.24,86,98,4.54,light rain
157,Araouane,ML,2021-07-20 01:51:34,18.9048,-3.5265,94.35,26,17,12.37,few clouds
158,Hirna,ET,2021-07-20 01:51:34,9.2167,41.1,59.31,79,100,7.94,overcast clouds
159,Pedernales,DO,2021-07-20 01:51:35,18.0384,-71.744,81.81,75,55,10.36,broken clouds
160,Beloha,MG,2021-07-20 01:51:35,-25.1667,45.05,67.98,68,100,9.44,overcast clouds
161,Mianwali,PK,2021-07-20 01:51:35,32.5741,71.5264,80.28,74,100,6.29,overcast clouds
162,Klaksvik,FO,2021-07-20 01:51:36,62.2266,-6.589,50.92,93,96,6.08,overcast clouds
163,State College,US,2021-07-20 01:51:36,40.7934,-77.86,74.59,82,40,5.75,scattered clouds
164,Dhone,IN,2021-07-20 01:51:36,15.4167,77.8833,75.69,79,93,17.47,overcast clouds
165,Tahoua,NE,2021-07-20 01:51:37,14.8888,5.2692,85.96,43,4,11.7,clear sky
166,Orbetello,IT,2021-07-20 01:51:37,42.4408,11.2196,71.8,49,2,4.61,clear sky
167,Karpogory,RU,2021-07-20 01:51:37,64.0019,44.4451,52.18,84,7,3.94,clear sky
168,Surt,LY,2021-07-20 01:51:38,31.2089,16.5887,77.13,71,0,4.36,clear sky
169,Sharanga,RU,2021-07-20 01:51:38,57.1775,46.5396,64.89,88,88,4.21,overcast clouds
170,Bolu,TR,2021-07-20 01:51:38,40.6667,31.5833,68.68,91,0,1.63,clear sky
171,Nikolsk,RU,2021-07-20 01:51:39,53.7189,46.0712,66.99,89,82,5.28,broken clouds
172,Bengkulu,ID,2021-07-20 01:48:28,-3.8004,102.2655,79.56,76,90,2.89,overcast clouds
173,Cabedelo,BR,2021-07-20 01:51:39,-6.9811,-34.8339,75.87,83,27,11.77,scattered clouds
174,Progreso,MX,2021-07-20 01:51:39,21.2833,-89.6667,84.31,82,3,12.5,clear sky
175,Nizhniy Baskunchak,RU,2021-07-20 01:51:40,48.2198,46.8311,84.06,37,0,6.98,clear sky
176,Merrill,US,2021-07-20 01:51:40,45.1805,-89.6835,76.42,77,1,4.61,clear sky
177,Rodrigues Alves,BR,2021-07-20 01:51:40,-7.738,-72.6509,68.04,82,8,3.02,clear sky
178,Mutoko,ZW,2021-07-20 01:51:41,-17.397,32.2268,45.28,70,7,3.87,clear sky
179,Nantucket,US,2021-07-20 01:51:41,41.2835,-70.0995,70.0,73,100,6.15,overcast clouds
180,Marsa Matruh,EG,2021-07-20 01:51:41,31.3525,27.2453,79.0,83,0,8.05,clear sky
181,Corsico,IT,2021-07-20 01:51:42,45.4305,9.1154,75.43,73,0,1.01,clear sky
182,Tank,PK,2021-07-20 01:51:43,32.2217,70.3793,80.58,75,100,5.55,overcast clouds
183,Honningsvag,NO,2021-07-20 01:51:43,70.9821,25.9704,45.12,74,66,30.58,light rain
184,Harper,LR,2021-07-20 01:51:43,4.375,-7.7169,76.24,73,73,9.66,broken clouds
185,Rocha,UY,2021-07-20 01:51:44,-34.4833,-54.3333,39.45,91,0,4.74,clear sky
186,Sarkand,KZ,2021-07-20 01:51:45,45.41,79.9186,83.01,19,2,4.0,clear sky
187,Plouzane,FR,2021-07-20 01:51:46,48.3833,-4.6167,68.09,82,0,8.05,clear sky
188,Pitimbu,BR,2021-07-20 01:51:46,-7.4706,-34.8086,75.79,82,23,10.18,few clouds
189,Umuahia,NG,2021-07-20 01:51:46,5.5263,7.4896,71.8,96,99,3.6,overcast clouds
190,Gunjur,GM,2021-07-20 01:51:47,13.2019,-16.7339,78.87,94,75,0.0,broken clouds
191,Adrar,MR,2021-07-20 01:51:47,20.5022,-10.0711,92.01,14,24,10.63,few clouds
192,Mehamn,NO,2021-07-20 01:51:47,71.0357,27.8492,43.83,79,29,24.79,light rain
193,Keuruu,FI,2021-07-20 01:51:48,62.2667,24.7,53.8,80,93,8.12,overcast clouds
194,Rancagua,CL,2021-07-20 01:51:31,-34.1708,-70.7444,50.05,34,3,0.81,clear sky
195,Deshnok,IN,2021-07-20 01:51:48,27.7986,73.3447,84.4,70,99,21.25,overcast clouds
196,Zhytomyr,UA,2021-07-20 01:51:48,50.2649,28.6767,63.68,94,100,6.49,overcast clouds
197,Hukuntsi,BW,2021-07-20 01:51:49,-24.0,21.75,45.25,36,0,10.74,clear sky
198,Cerignola,IT,2021-07-20 01:51:49,41.264,15.9005,70.56,77,6,8.01,clear sky
199,Lulea,SE,2021-07-20 01:51:49,65.5842,22.1547,50.07,66,7,8.05,clear sky
200,Don Matias,CO,2021-07-20 01:51:50,6.4857,-75.395,58.32,97,6,1.45,clear sky
201,Marawi,PH,2021-07-20 01:47:52,7.9986,124.2928,81.84,52,95,5.17,overcast clouds
202,Mogadishu,SO,2021-07-20 01:47:42,2.0371,45.3438,76.53,82,100,20.27,overcast clouds
203,Ogaminana,NG,2021-07-20 01:51:50,7.5946,6.2248,71.24,97,91,5.68,overcast clouds
204,Natal,BR,2021-07-20 01:48:07,-5.795,-35.2094,74.05,100,90,11.5,overcast clouds
205,Shakiso,ET,2021-07-20 01:51:51,5.75,38.9167,57.79,86,100,1.05,overcast clouds
206,Bubaque,GW,2021-07-20 01:51:51,11.2833,-15.8333,81.05,83,77,16.2,light rain
207,Mangrol,IN,2021-07-20 01:51:51,21.1167,70.1167,82.98,81,100,22.19,overcast clouds
208,Muros,ES,2021-07-20 01:51:52,42.7762,-9.0603,66.99,85,100,2.75,overcast clouds
209,Kudahuvadhoo,MV,2021-07-20 01:51:52,2.6708,72.8944,82.71,71,73,5.59,broken clouds
210,Porto Torres,IT,2021-07-20 01:51:52,40.835,8.3972,68.18,75,0,0.63,clear sky
211,Oranjestad,AW,2021-07-20 01:51:52,12.524,-70.027,82.35,74,20,20.71,few clouds
212,Palpa,PE,2021-07-20 01:51:53,-14.5336,-75.1856,65.61,67,1,2.66,clear sky
213,Benghazi,LY,2021-07-20 01:47:58,32.1167,20.0667,78.35,67,0,3.22,clear sky
214,Axim,GH,2021-07-20 01:51:53,4.8699,-2.2405,76.08,81,94,9.66,overcast clouds
215,Narsaq,GL,2021-07-20 01:51:53,60.9167,-46.05,44.58,93,100,1.86,overcast clouds
216,Nahariyya,IL,2021-07-20 01:51:54,33.0059,35.0941,78.98,85,9,5.39,clear sky
217,Luderitz,NA,2021-07-20 01:51:54,-26.6481,15.1594,55.49,88,94,13.51,overcast clouds
218,Marzuq,YE,2021-07-20 01:51:54,14.4,46.4667,72.32,80,100,4.18,overcast clouds
219,Saint-Augustin,CA,2021-07-20 01:48:19,51.226,-58.6502,59.83,86,100,6.96,overcast clouds
220,Gat,IL,2021-07-20 01:51:55,31.61,34.7642,79.48,100,7,4.34,clear sky
221,Abonnema,NG,2021-07-20 01:51:55,4.7084,6.7931,75.04,86,100,6.49,overcast clouds
222,Lixourion,GR,2021-07-20 01:51:55,38.2019,20.4314,73.92,78,0,3.69,clear sky
223,Grand Gaube,MU,2021-07-20 01:51:56,-20.0064,57.6608,70.2,71,0,5.01,clear sky
224,Tasiilaq,GL,2021-07-20 01:47:27,65.6145,-37.6368,39.36,96,100,9.24,light rain
225,Muzhi,RU,2021-07-20 01:51:57,65.3667,64.6667,66.88,58,31,9.57,scattered clouds
226,Destin,US,2021-07-20 01:50:25,30.3935,-86.4958,80.71,88,90,10.0,light rain
227,Saint-Pierre,RE,2021-07-20 01:51:16,-21.3393,55.4781,69.48,68,0,20.71,clear sky
228,Valparaiso,CL,2021-07-20 01:51:58,-33.0393,-71.6273,52.48,75,0,1.14,clear sky
229,Kulhudhuffushi,MV,2021-07-20 01:51:58,6.6221,73.07,82.45,75,100,10.2,overcast clouds
230,Antalaha,MG,2021-07-20 01:51:58,-14.9003,50.2788,68.2,90,95,8.79,light rain
231,Zaozerne,UA,2021-07-20 01:51:59,45.1582,33.2787,75.94,64,2,2.91,clear sky
232,Puerto Del Rosario,ES,2021-07-20 01:51:59,28.5004,-13.8627,73.15,64,1,10.36,clear sky
233,Ajdabiya,LY,2021-07-20 01:51:59,30.7554,20.2263,75.43,75,0,6.49,clear sky
234,Manacor,ES,2021-07-20 01:52:00,39.5696,3.2096,75.51,76,0,3.22,clear sky
235,Cotonou,BJ,2021-07-20 01:50:08,6.3654,2.4183,78.78,83,40,14.97,scattered clouds
236,Nanga Eboko,CM,2021-07-20 01:52:00,4.6833,12.3667,67.23,98,94,5.06,light rain
237,Ginda,IN,2021-07-20 01:52:00,30.6945,78.4932,66.54,97,100,1.36,overcast clouds
238,Kannangad,IN,2021-07-20 01:52:01,12.3081,75.1063,78.15,86,90,8.37,overcast clouds
239,Akdepe,TM,2021-07-20 01:52:01,42.0551,59.3788,84.2,20,8,6.11,clear sky
240,Oranjemund,NA,2021-07-20 01:52:01,-28.55,16.4333,54.3,96,100,8.81,overcast clouds
241,Sirjan,IR,2021-07-20 01:52:02,29.452,55.6814,76.78,25,28,5.57,scattered clouds
242,Talnakh,RU,2021-07-20 01:52:02,69.4865,88.3972,57.97,50,13,7.78,few clouds
243,Kant,IN,2021-07-20 01:52:02,27.8,79.8,80.94,79,100,6.98,overcast clouds
244,Talcahuano,CL,2021-07-20 01:52:03,-36.7167,-73.1167,53.28,87,0,5.75,clear sky
245,Porto Santo,PT,2021-07-20 01:52:03,33.072,-16.3415,71.31,68,75,8.05,broken clouds
246,Ceuta,ES,2021-07-20 01:52:03,35.8903,-5.3075,69.82,78,0,13.6,light rain
247,Lyubech,UA,2021-07-20 01:52:04,51.7026,30.6569,62.37,89,94,5.86,overcast clouds
248,Dubti,ET,2021-07-20 01:52:04,11.7361,41.0853,88.99,49,100,1.14,overcast clouds
249,Salalah,OM,2021-07-20 01:52:04,17.0151,54.0924,77.41,94,98,11.68,overcast clouds
250,Tamandare,BR,2021-07-20 01:50:44,-8.7597,-35.1047,76.12,82,99,8.19,overcast clouds
251,Rio Gallegos,AR,2021-07-20 01:52:05,-51.6226,-69.2181,41.05,70,75,9.22,broken clouds
252,Aksarka,RU,2021-07-20 01:52:05,66.5606,67.7975,65.86,56,56,10.27,broken clouds
253,Ostrovnoy,RU,2021-07-20 01:52:05,68.0531,39.5131,51.93,79,100,13.04,overcast clouds
254,Luangwa,ZM,2021-07-20 01:52:06,-15.6167,30.4167,53.56,77,74,1.01,broken clouds
255,Bonfim,BR,2021-07-20 01:52:06,3.0833,-59.95,76.6,82,19,4.0,few clouds
256,Matay,EG,2021-07-20 01:52:06,28.419,30.7792,86.43,20,0,8.86,clear sky
257,Bahia Honda,CU,2021-07-20 01:50:14,22.9036,-83.1592,79.66,84,12,6.46,few clouds
258,Port Blair,IN,2021-07-20 01:47:07,11.6667,92.75,81.7,85,100,17.49,light rain
259,Sao Felix Do Xingu,BR,2021-07-20 01:52:07,-6.6447,-51.995,74.28,45,17,1.36,few clouds
260,Inhambane,MZ,2021-07-20 01:52:07,-23.865,35.3833,64.17,92,19,6.29,few clouds
261,Krasnaya Gora,RU,2021-07-20 01:52:09,52.9995,31.6023,66.11,91,64,4.14,broken clouds
262,Kholm,RU,2021-07-20 01:52:09,59.2667,32.85,51.31,84,4,4.7,clear sky
263,Maceio,BR,2021-07-20 01:48:38,-9.6658,-35.7353,72.84,100,75,3.44,broken clouds
264,Oxelosund,SE,2021-07-20 01:52:09,58.6706,17.1015,55.33,76,0,4.61,clear sky
265,Vallenar,CL,2021-07-20 01:52:10,-28.5708,-70.7581,60.71,36,0,1.23,clear sky
266,Severodvinsk,RU,2021-07-20 01:52:10,64.5635,39.8302,57.31,66,84,8.03,light rain
267,Ugoofaaru,MV,2021-07-20 01:52:10,5.6667,73.0,82.47,75,84,8.37,broken clouds
268,Baft,IR,2021-07-20 01:52:11,29.234,56.6057,70.05,33,14,6.13,few clouds
269,Mezen,RU,2021-07-20 01:52:11,65.8522,44.24,53.01,75,11,7.34,few clouds
270,Sabla,NG,2021-07-20 01:52:11,12.7525,4.7077,80.53,69,13,12.06,few clouds
271,Bandarbeyla,SO,2021-07-20 01:52:12,9.4942,50.8122,78.64,72,94,31.79,overcast clouds
272,Manta,EC,2021-07-20 01:47:20,-0.95,-80.7333,73.18,88,75,12.66,broken clouds
273,Lukovetskiy,RU,2021-07-20 01:52:12,64.2956,41.9211,57.18,67,92,5.66,overcast clouds
274,Libertador General San Martin,AR,2021-07-20 01:52:13,-23.8064,-64.7876,50.94,54,29,3.24,scattered clouds
275,Richards Bay,ZA,2021-07-20 01:52:13,-28.783,32.0377,56.62,79,0,9.48,clear sky
276,Santa Isabel Do Rio Negro,BR,2021-07-20 01:52:13,-0.4139,-65.0192,72.64,91,6,0.45,clear sky
277,Geraldton,AU,2021-07-20 01:52:13,-28.7667,114.6,57.61,88,90,20.71,light rain
278,Boras,SE,2021-07-20 01:52:14,57.721,12.9401,59.54,96,100,6.67,overcast clouds
279,Bethel Park,US,2021-07-20 01:50:29,40.3276,-80.0395,73.53,74,1,3.67,clear sky
280,Inirida,CO,2021-07-20 01:52:15,3.8653,-67.9239,72.32,98,95,2.82,overcast clouds
281,Havelock,US,2021-07-20 01:50:28,34.8791,-76.9013,78.94,94,90,7.0,light rain
282,Ilulissat,GL,2021-07-20 01:48:23,69.2167,-51.1,42.82,87,75,11.5,light rain
283,Ilhabela,BR,2021-07-20 01:52:16,-23.7781,-45.3581,57.27,65,37,5.95,scattered clouds
284,San Luis,AR,2021-07-20 01:52:16,-33.295,-66.3356,48.81,28,0,12.44,clear sky
285,Tyumentsevo,RU,2021-07-20 01:52:17,53.3224,81.498,65.19,67,100,5.01,overcast clouds
286,Treinta Y Tres,UY,2021-07-20 01:52:17,-33.2333,-54.3833,40.98,89,0,6.51,clear sky
287,Lebu,CL,2021-07-20 01:48:03,-37.6167,-73.65,51.91,92,87,10.31,overcast clouds
288,Jose Bonifacio,BR,2021-07-20 01:52:17,-21.0528,-49.6883,52.86,29,5,5.14,clear sky
289,Necochea,AR,2021-07-20 01:52:18,-38.5473,-58.7368,46.04,54,100,14.56,overcast clouds
290,Kanye,BW,2021-07-20 01:52:19,-24.9667,25.3327,40.98,48,0,4.76,clear sky
291,Opuwo,NA,2021-07-20 01:52:19,-18.0607,13.84,55.89,40,0,2.66,clear sky
292,Urumqi,CN,2021-07-20 01:48:20,43.801,87.6005,81.55,23,0,6.71,clear sky
293,Taltal,CL,2021-07-20 01:51:14,-25.4,-70.4833,57.74,78,10,2.1,clear sky
294,Ancud,CL,2021-07-20 01:48:52,-41.8697,-73.8203,51.33,96,100,3.02,overcast clouds
295,Niono,ML,2021-07-20 01:52:20,14.2526,-5.993,79.72,56,100,7.99,overcast clouds
296,Chapais,CA,2021-07-20 01:47:44,49.7834,-74.8492,55.18,93,100,6.82,overcast clouds
297,Bloemfontein,ZA,2021-07-20 01:52:20,-29.1211,26.214,24.28,63,0,1.14,clear sky
298,Kaya,BF,2021-07-20 01:51:17,13.0917,-1.0844,82.29,64,100,7.9,overcast clouds
299,Nara,JP,2021-07-20 01:52:21,34.6851,135.8049,91.98,47,5,3.83,clear sky
300,Kolda,SN,2021-07-20 01:52:21,12.8833,-14.95,78.53,88,86,4.21,overcast clouds
301,Gamba,GA,2021-07-20 01:52:22,-2.65,10.0,70.11,92,3,3.58,clear sky
302,Sinnamary,GF,2021-07-20 01:52:22,5.3833,-52.95,77.56,85,100,3.42,overcast clouds
303,Tomaszow Mazowiecki,PL,2021-07-20 01:52:22,51.5313,20.0086,60.57,10,1,5.39,clear sky
304,Vestmanna,FO,2021-07-20 01:52:23,62.1564,-7.1664,47.32,100,90,1.14,mist
305,Gobabis,NA,2021-07-20 01:52:23,-22.45,18.9667,44.28,38,0,11.41,clear sky
306,Kushmurun,KZ,2021-07-20 01:52:23,52.4503,64.6311,63.95,81,8,9.98,clear sky
307,Komatipoort,ZA,2021-07-20 01:52:23,-25.4332,31.9548,53.78,66,3,3.36,clear sky
308,Iqaluit,CA,2021-07-20 01:48:22,63.7506,-68.5145,44.33,75,75,4.0,broken clouds
309,Jawhar,SO,2021-07-20 01:52:24,2.7809,45.5005,73.92,82,100,14.0,overcast clouds
310,Tabory,RU,2021-07-20 01:52:25,58.5198,64.5495,66.36,69,8,2.68,clear sky
311,Le Port,RE,2021-07-20 01:52:26,-20.9373,55.2919,69.8,72,5,8.1,clear sky
312,Jiwani,PK,2021-07-20 01:52:26,25.05,61.7417,84.38,86,100,13.87,overcast clouds
313,Groningen,NL,2021-07-20 01:52:26,53.25,6.75,62.64,79,90,2.3,overcast clouds
314,Buraydah,SA,2021-07-20 01:52:27,26.326,43.975,88.25,14,11,6.73,few clouds
315,Birao,CF,2021-07-20 01:52:27,10.2849,22.7882,70.23,95,92,4.97,overcast clouds
316,Gazanjyk,TM,2021-07-20 01:52:27,39.2446,55.5154,86.43,29,0,4.16,clear sky
317,Santo Antonio Do Ica,BR,2021-07-20 01:52:27,-3.1022,-67.9397,72.1,97,39,0.76,scattered clouds
318,Cayenne,GF,2021-07-20 01:47:33,4.9333,-52.3333,78.1,90,0,0.0,clear sky
319,Maarianhamina,AX,2021-07-20 01:52:28,60.0973,19.9348,49.86,100,0,1.14,clear sky
320,Burevestnik,RU,2021-07-20 01:52:28,56.144,43.7883,67.75,94,0,2.24,clear sky
321,Nikki,BJ,2021-07-20 01:52:29,9.9401,3.2108,70.75,95,19,8.12,light rain
322,Boende,CD,2021-07-20 01:52:29,-0.2167,20.8667,71.53,75,61,2.44,broken clouds
323,Mogadouro,PT,2021-07-20 01:52:29,41.3403,-6.7119,62.78,63,53,2.95,broken clouds
324,Laguna,US,2021-07-20 01:52:30,38.421,-121.4238,100.22,27,1,7.0,clear sky
325,Bulaevo,KZ,2021-07-20 01:52:30,54.9056,70.4439,62.19,84,98,3.33,overcast clouds
326,Coquimbo,CL,2021-07-20 01:50:44,-29.9533,-71.3436,49.73,100,75,5.75,broken clouds
327,Namibe,AO,2021-07-20 01:52:30,-15.1961,12.1522,67.12,87,3,7.92,clear sky
328,Grindavik,IS,2021-07-20 01:52:32,63.8424,-22.4338,52.27,100,90,5.75,mist
329,Tarko-Sale,RU,2021-07-20 01:51:18,64.9225,77.785,60.82,65,2,5.3,clear sky
330,Rio Grande,BR,2021-07-20 01:49:17,-32.035,-52.0986,40.95,85,0,10.42,clear sky
331,Kamennogorsk,RU,2021-07-20 01:50:45,60.9545,29.1339,59.52,75,86,5.12,overcast clouds
332,Sakakah,SA,2021-07-20 01:52:34,29.9697,40.2064,92.77,14,52,5.44,broken clouds
333,Lubao,PH,2021-07-20 01:52:35,14.9167,120.55,84.22,88,100,7.16,moderate rain
334,Sao Pedro Da Cadeira,PT,2021-07-20 01:52:35,39.0698,-9.3717,66.2,87,95,10.0,overcast clouds
335,Svetlyy,RU,2021-07-20 01:52:36,54.675,20.1347,60.85,85,2,6.89,clear sky
336,Cozumel,MX,2021-07-20 01:51:50,20.5083,-86.9458,83.95,88,0,1.99,clear sky
337,The Valley,AI,2021-07-20 01:52:36,18.217,-63.0578,82.26,76,47,19.98,scattered clouds
338,Pemba,MZ,2021-07-20 01:52:37,-12.974,40.5178,68.7,93,20,8.01,few clouds
339,Bonavista,CA,2021-07-20 01:52:37,48.6499,-53.1147,64.4,80,100,13.06,overcast clouds
340,Olafsvik,IS,2021-07-20 01:52:37,64.8945,-23.7142,51.62,97,100,10.45,overcast clouds
341,Bam,IR,2021-07-20 01:52:39,29.106,58.357,85.66,18,0,11.74,clear sky
342,Castro,BR,2021-07-20 01:52:39,-24.7911,-50.0119,37.58,66,15,2.66,few clouds
343,Taucha,DE,2021-07-20 01:52:39,51.3833,12.4833,61.86,79,0,5.75,clear sky
344,Constitucion,CL,2021-07-20 01:52:39,-35.3333,-72.4167,53.58,71,37,5.66,scattered clouds
345,Impfondo,CG,2021-07-20 01:52:40,1.6381,18.0667,71.85,81,94,1.12,overcast clouds
346,Chapleau,CA,2021-07-20 01:52:40,47.8405,-83.4034,73.49,68,75,4.61,moderate rain
347,Severomorsk,RU,2021-07-20 01:52:40,69.0689,33.4162,46.8,82,100,8.3,overcast clouds
348,Timizart,DZ,2021-07-20 01:52:42,36.8,4.2667,69.12,61,0,3.49,clear sky
349,Mayumba,GA,2021-07-20 01:49:44,-3.432,10.6554,70.29,92,11,5.28,few clouds
350,Harbour Breton,CA,2021-07-20 01:52:42,47.4833,-55.7983,60.46,84,100,7.2,overcast clouds
351,Boma,GH,2021-07-20 01:52:42,7.0805,-2.1697,69.69,98,84,4.18,broken clouds
352,Gusino,RU,2021-07-20 01:52:43,54.7244,31.368,59.47,73,73,6.24,broken clouds
353,Georgiyevka,KZ,2021-07-20 01:52:43,43.0369,74.7114,71.64,40,13,4.47,few clouds
354,Paraul,RU,2021-07-20 01:52:43,42.7419,47.3553,64.94,56,0,5.68,clear sky
355,Nioro,GM,2021-07-20 01:48:22,13.35,-15.75,79.16,84,49,5.61,scattered clouds
356,Qaqortoq,GL,2021-07-20 01:52:44,60.7167,-46.0333,43.45,87,91,2.37,overcast clouds
357,Dmitriyevka,RU,2021-07-20 01:52:44,54.75,55.3333,62.15,61,10,4.47,clear sky
358,Missao Velha,BR,2021-07-20 01:52:45,-7.2497,-39.1431,77.49,47,20,0.0,few clouds
359,Abu Zabad,SD,2021-07-20 01:52:45,12.35,29.25,77.38,72,100,12.82,overcast clouds
360,Khandbari,NP,2021-07-20 01:52:45,27.3747,87.2039,73.22,95,100,0.81,overcast clouds
361,Auray,FR,2021-07-20 01:52:46,47.6703,-2.9918,71.74,80,2,10.09,clear sky
362,Lagoa,PT,2021-07-20 01:48:45,39.05,-27.9833,69.15,85,98,27.85,overcast clouds
363,Sukhobezvodnoye,RU,2021-07-20 01:52:46,57.0491,44.8891,65.97,89,84,3.2,broken clouds
364,Vilcun,CL,2021-07-20 01:52:46,-38.65,-72.2333,45.34,94,73,1.52,broken clouds
365,Jeffersontown,US,2021-07-20 01:52:47,38.1942,-85.5644,77.4,78,68,6.93,broken clouds
366,Kifri,IQ,2021-07-20 01:52:47,34.6959,44.9661,95.45,13,0,10.09,clear sky
367,Corn Island,NI,2021-07-20 01:52:47,12.1694,-83.0418,81.77,80,100,18.03,overcast clouds
368,Tinaquillo,VE,2021-07-20 01:52:48,9.9186,-68.3047,69.98,100,100,0.78,overcast clouds
369,Krasnoselkup,RU,2021-07-20 01:48:10,65.7,82.4667,57.38,57,23,5.57,few clouds
370,Ardesen,TR,2021-07-20 01:52:48,41.1911,40.9875,75.16,68,0,2.21,clear sky
371,Pangnirtung,CA,2021-07-20 01:47:56,66.1451,-65.7125,40.57,98,100,4.63,light rain
372,Derzhavinsk,KZ,2021-07-20 01:52:48,51.1,66.3167,64.65,64,4,11.7,clear sky
373,San Cristobal,VE,2021-07-20 01:52:49,7.7669,-72.225,77.18,94,95,3.06,overcast clouds
374,Birjand,IR,2021-07-20 01:52:49,32.8663,59.2211,73.87,16,0,0.0,clear sky
375,Livingstone,ZM,2021-07-20 01:52:49,-17.8419,25.8543,50.05,57,3,2.28,clear sky
376,Najran,SA,2021-07-20 01:52:50,17.4924,44.1277,81.25,54,100,14.52,overcast clouds
377,Rudbar,AF,2021-07-20 01:52:50,30.15,62.6,88.0,15,0,22.77,clear sky
378,Bara,NG,2021-07-20 01:52:50,10.3744,10.7288,74.75,85,66,8.34,broken clouds
379,Rincon De La Victoria,ES,2021-07-20 01:52:51,36.7172,-4.2758,78.35,63,0,2.64,clear sky
380,Limbdi,IN,2021-07-20 01:52:51,22.5667,71.8,83.37,72,100,18.07,overcast clouds
381,Ordynskoye,RU,2021-07-20 01:52:51,54.3656,81.8994,65.44,67,68,4.09,broken clouds
382,Quelimane,MZ,2021-07-20 01:52:52,-17.8786,36.8883,58.95,100,4,3.0,fog
383,San Carlos De Bariloche,AR,2021-07-20 01:50:51,-41.1456,-71.3082,49.75,76,40,16.11,moderate rain
384,Biu,NG,2021-07-20 01:52:52,10.6129,12.1946,69.42,85,99,5.01,overcast clouds
385,Severnyy-Kospashskiy,RU,2021-07-20 01:52:52,59.0925,57.8008,61.61,90,78,4.56,broken clouds
386,Lafia,NG,2021-07-20 01:52:53,8.4833,8.5167,72.01,98,98,2.39,moderate rain
387,Nador,MA,2021-07-20 01:52:53,35.174,-2.9287,73.65,56,0,5.75,clear sky
388,Plettenberg Bay,ZA,2021-07-20 01:52:53,-34.0527,23.3716,55.85,85,100,6.51,light rain
389,Mocuba,MZ,2021-07-20 01:52:54,-16.8392,36.9856,59.52,98,14,1.68,few clouds
390,Maniitsoq,GL,2021-07-20 01:48:13,65.4167,-52.9,42.22,92,100,20.02,overcast clouds
391,Beyla,GN,2021-07-20 01:52:54,8.6833,-8.6333,67.03,99,60,4.52,broken clouds
392,Coracao De Jesus,BR,2021-07-20 01:52:54,-16.6853,-44.365,75.92,52,11,4.81,few clouds
393,Ebensee,AT,2021-07-20 01:52:55,47.8072,13.779,62.55,96,57,2.06,broken clouds
394,Pachino,IT,2021-07-20 01:52:55,36.7186,15.0907,77.04,81,0,2.77,clear sky
395,Fatsa,TR,2021-07-20 01:52:55,41.0278,37.5014,73.38,85,0,4.52,clear sky
396,Bozova,TR,2021-07-20 01:52:56,37.3625,38.5267,83.32,37,0,5.57,clear sky
397,Ratnagiri,IN,2021-07-20 01:52:56,16.9833,73.3,78.46,87,100,7.99,overcast clouds
398,Sechenovo,RU,2021-07-20 01:52:56,55.2244,45.8906,66.24,89,99,4.5,overcast clouds
399,Irtyshskiy,RU,2021-07-20 01:52:57,58.3333,68.1333,62.31,88,14,5.48,few clouds
400,Conceicao Do Araguaia,BR,2021-07-20 01:52:57,-8.2578,-49.2647,80.73,47,0,3.44,clear sky
401,Kurduvadi,IN,2021-07-20 01:52:57,18.0833,75.4333,72.73,88,100,10.69,overcast clouds
402,Urucara,BR,2021-07-20 01:52:58,-2.5364,-57.76,79.11,69,34,1.77,scattered clouds
403,Verkhnetulomskiy,RU,2021-07-20 01:52:58,68.6073,31.7962,46.53,90,100,6.55,overcast clouds
404,Oriximina,BR,2021-07-20 01:52:58,-1.7656,-55.8661,76.08,77,5,4.36,clear sky
405,Volchansk,RU,2021-07-20 01:52:59,59.9378,60.081,65.19,65,100,3.49,overcast clouds
406,Atasu,KZ,2021-07-20 01:52:59,48.6814,71.6433,73.29,50,77,9.62,broken clouds
407,Hammerfest,NO,2021-07-20 01:52:59,70.6634,23.6821,43.25,81,90,21.85,light rain
408,Kubachi,RU,2021-07-20 01:53:00,42.086,47.6034,62.74,59,1,6.78,clear sky
409,Havoysund,NO,2021-07-20 01:53:00,70.9963,24.6622,43.68,79,99,30.76,light rain
410,Koster,ZA,2021-07-20 01:53:00,-25.863,26.8976,35.1,43,0,2.01,clear sky
411,Senador Jose Porfirio,BR,2021-07-20 01:53:01,-2.5908,-51.9542,79.23,73,100,3.27,overcast clouds
412,Iberia,US,2021-07-20 01:53:01,29.9502,-91.7507,78.76,86,100,6.44,overcast clouds
413,Sao Jose Da Coroa Grande,BR,2021-07-20 01:53:01,-8.8978,-35.1478,76.19,81,93,8.57,overcast clouds
414,Howell,US,2021-07-20 01:49:40,42.6073,-83.9294,78.49,88,1,0.0,clear sky
415,Cocentaina,ES,2021-07-20 01:53:02,38.7398,-0.4398,72.21,73,0,4.03,clear sky
416,Bonthe,SL,2021-07-20 01:53:02,7.5264,-12.505,76.41,89,76,6.22,light rain
417,Bombay,IN,2021-07-20 01:48:51,19.0144,72.8479,82.38,89,75,11.5,haze
418,Caravelas,BR,2021-07-20 01:53:03,-17.7125,-39.2481,71.64,92,0,4.52,clear sky
419,Boralday,KZ,2021-07-20 01:53:03,43.3578,76.8594,76.86,36,20,0.0,few clouds
420,Grenada,ES,2021-07-20 01:48:41,37.1882,-3.6067,72.91,49,0,1.01,clear sky
421,Yarada,IN,2021-07-20 01:53:04,17.65,83.2667,84.61,73,100,9.4,overcast clouds
422,Murgab,TM,2021-07-20 01:53:04,37.4966,61.9714,78.67,31,0,9.22,clear sky
423,Majalgaon,IN,2021-07-20 01:53:04,19.15,76.2333,75.88,85,100,13.09,overcast clouds
424,Kibre Mengist,ET,2021-07-20 01:53:04,5.8833,38.9833,57.65,87,100,1.3,overcast clouds
425,Tchibanga,GA,2021-07-20 01:53:05,-2.85,11.0333,65.66,93,13,1.97,few clouds
426,Palma Di Montechiaro,IT,2021-07-20 01:53:05,37.1926,13.765,73.62,61,0,5.23,clear sky
427,Kapoeta,SS,2021-07-20 01:53:05,4.7717,33.5903,70.11,82,90,2.08,light rain
428,Chelyabinsk,RU,2021-07-20 01:52:31,55.1544,61.4297,64.49,88,1,4.47,mist
429,Oistins,BB,2021-07-20 01:53:06,13.0667,-59.5333,80.69,78,40,21.85,scattered clouds
430,La Rioja,ES,2021-07-20 01:53:06,42.25,-2.5,60.58,55,0,4.99,clear sky
431,Kjollefjord,NO,2021-07-20 01:53:06,70.9457,27.3465,43.75,79,57,26.73,light rain
432,Madarounfa,NE,2021-07-20 01:53:07,13.3087,7.156,81.82,66,26,12.41,scattered clouds
433,Bilma,NE,2021-07-20 01:53:08,18.6853,12.9164,88.92,33,4,10.67,clear sky
434,Menzelinsk,RU,2021-07-20 01:53:09,55.7271,53.1026,69.04,58,48,2.08,scattered clouds
435,Sao Miguel Do Araguaia,BR,2021-07-20 01:53:09,-13.275,-50.1628,74.01,30,4,8.43,clear sky
436,Rundu,NA,2021-07-20 01:53:09,-17.9333,19.7667,46.45,41,10,6.38,clear sky
437,Byadgi,IN,2021-07-20 01:53:10,14.6833,75.4833,70.95,89,86,13.27,overcast clouds
438,Mitsamiouli,KM,2021-07-20 01:48:12,-11.3847,43.2844,77.04,70,1,8.41,clear sky
439,Quatre Cocos,MU,2021-07-20 01:53:10,-20.2078,57.7625,69.91,65,5,20.2,clear sky
440,Concepcion,CL,2021-07-20 01:51:32,-36.827,-73.0498,53.4,87,0,5.75,clear sky
441,Jalu,LY,2021-07-20 01:53:11,29.0331,21.5482,77.34,51,0,8.21,clear sky
442,Maldonado,UY,2021-07-20 01:53:11,-34.6667,-54.9167,39.22,89,2,5.97,clear sky
443,Praia Da Vitoria,PT,2021-07-20 01:53:11,38.7333,-27.0667,71.85,78,40,17.98,scattered clouds
444,Kalabo,ZM,2021-07-20 01:53:11,-14.97,22.6814,50.36,56,1,5.75,clear sky
445,Yarmouth,US,2021-07-20 01:53:12,41.7057,-70.2286,70.97,92,90,0.0,overcast clouds
446,Sena Madureira,BR,2021-07-20 01:53:12,-9.0656,-68.6569,67.39,64,0,2.48,clear sky
447,Almeirim,BR,2021-07-20 01:53:12,-1.5233,-52.5817,78.13,76,48,3.31,scattered clouds
448,Wickford,GB,2021-07-20 01:53:13,51.611,0.5233,67.66,92,96,6.06,overcast clouds
449,Oudtshoorn,ZA,2021-07-20 01:53:13,-33.5907,22.2014,48.56,85,100,5.14,overcast clouds
450,Cabrobo,BR,2021-07-20 01:53:13,-8.5142,-39.31,74.34,72,31,15.88,scattered clouds
451,Belmonte,BR,2021-07-20 01:53:15,-15.8631,-38.8828,73.9,90,16,7.0,few clouds
452,Seoni,IN,2021-07-20 01:53:15,22.0833,79.5333,79.63,75,100,9.17,light rain
453,Bardstown,US,2021-07-20 01:53:15,37.8092,-85.4669,77.52,79,1,3.44,clear sky
454,Dhidhdhoo,MV,2021-07-20 01:53:16,6.8833,73.1,82.54,74,99,10.33,overcast clouds
455,Visby,SE,2021-07-20 01:53:16,57.6409,18.296,66.85,94,42,4.61,scattered clouds
456,Catamarca,AR,2021-07-20 01:49:04,-28.4696,-65.7852,50.77,57,0,8.19,clear sky
457,Goiatuba,BR,2021-07-20 01:53:16,-18.0125,-49.3547,52.66,18,0,4.18,clear sky
458,Sawai Madhopur,IN,2021-07-20 01:53:17,25.9833,76.3667,81.99,74,100,11.92,overcast clouds
459,Bumba,CD,2021-07-20 01:53:17,2.1833,22.4667,70.81,85,100,2.13,overcast clouds
460,Bari,IT,2021-07-20 01:53:17,41.1177,16.8512,73.18,83,0,7.0,clear sky
461,Santa Maria,BR,2021-07-20 01:50:03,-29.6842,-53.8069,38.5,100,0,0.0,clear sky
462,Soller,ES,2021-07-20 01:53:18,39.7662,2.7152,76.03,65,0,1.01,clear sky
463,Qasigiannguit,GL,2021-07-20 01:53:18,68.8193,-51.1922,38.57,96,100,6.89,moderate rain
464,Gort,IE,2021-07-20 01:53:19,53.0664,-8.8167,62.35,95,0,0.78,clear sky
465,Pisco,PE,2021-07-20 01:53:19,-13.7,-76.2167,62.65,82,90,5.75,overcast clouds
466,Asekeyevo,RU,2021-07-20 01:53:19,53.5742,52.7972,71.31,64,11,2.62,few clouds
467,Praia,CV,2021-07-20 01:51:06,14.9215,-23.5087,75.74,88,75,2.3,broken clouds
468,Inyonga,TZ,2021-07-20 01:53:20,-6.7167,32.0667,57.88,54,0,4.97,clear sky
469,Suarez,CO,2021-07-20 01:53:20,2.954,-76.6964,66.56,78,9,4.16,clear sky
470,Goderich,CA,2021-07-20 01:50:33,43.7501,-81.7165,70.03,88,22,0.0,few clouds
471,Karacabey,TR,2021-07-20 01:53:20,40.2152,28.4038,73.45,81,0,3.6,clear sky
472,Brae,GB,2021-07-20 01:50:00,60.3964,-1.353,53.51,92,60,11.7,broken clouds
473,Porto Novo,BJ,2021-07-20 01:53:21,6.4965,2.6036,78.62,85,45,9.86,scattered clouds
474,Itarema,BR,2021-07-20 01:53:21,-2.9248,-39.9167,77.43,85,15,11.25,few clouds
475,Nadym,RU,2021-07-20 01:53:22,65.5333,72.5167,62.02,62,80,7.2,broken clouds
476,Saint-Francois,FR,2021-07-20 01:53:22,46.4154,3.9054,60.42,88,0,1.14,clear sky
477,Benjamin Constant,BR,2021-07-20 01:53:22,-4.3831,-70.0311,73.53,73,100,2.08,overcast clouds
478,Malpe,IN,2021-07-20 01:53:24,13.35,74.7167,76.3,85,58,15.17,broken clouds
479,Bud,US,2021-07-20 01:53:24,39.447,-86.1758,75.9,80,0,5.5,clear sky
480,Berlin,DE,2021-07-20 01:49:38,52.5244,13.4105,62.89,78,0,4.0,clear sky
481,Altamira,BR,2021-07-20 01:53:24,-3.2033,-52.2064,77.0,68,51,2.86,broken clouds
482,Wilmington Island,US,2021-07-20 01:53:25,32.0036,-80.9737,75.97,91,20,0.0,few clouds
483,Sovetskiy,RU,2021-07-20 01:53:25,61.3614,63.5842,66.11,64,61,6.29,broken clouds
484,Kristianstad,SE,2021-07-20 01:53:25,56.0313,14.1524,56.95,87,98,1.01,overcast clouds
485,Turayf,SA,2021-07-20 01:53:26,31.6725,38.6637,84.45,21,0,11.5,clear sky
486,Cradock,ZA,2021-07-20 01:53:26,-32.1642,25.6192,44.2,20,74,7.4,broken clouds
487,Kasamwa,TZ,2021-07-20 01:53:26,-2.85,32.4333,62.29,49,25,5.39,scattered clouds
488,Belvidere,US,2021-07-20 01:53:27,42.2639,-88.8443,75.33,79,0,3.85,clear sky
489,Ambanja,MG,2021-07-20 01:53:27,-13.6833,48.45,68.65,82,35,3.04,scattered clouds
490,Kautokeino,NO,2021-07-20 01:53:27,69.0125,23.0412,39.7,73,30,14.16,scattered clouds
491,Iracoubo,GF,2021-07-20 01:53:28,5.4802,-53.2011,78.15,85,100,4.21,overcast clouds
492,Upata,VE,2021-07-20 01:53:28,8.0086,-62.3989,70.2,97,100,3.69,overcast clouds
493,Odienne,CI,2021-07-20 01:53:28,9.51,-7.5692,71.73,93,98,3.24,overcast clouds
494,Teguise,ES,2021-07-20 01:53:29,29.0605,-13.564,70.02,56,0,9.22,clear sky
495,Lima,PE,2021-07-20 01:50:29,-12.0432,-77.0282,61.14,82,90,6.91,overcast clouds
496,Horasan,TR,2021-07-20 01:53:29,40.0458,42.1728,64.98,61,0,0.94,clear sky
497,Mehran,IR,2021-07-20 01:53:29,33.1222,46.1646,94.48,14,0,3.87,clear sky
498,Palora,EC,2021-07-20 01:53:30,-1.7,-77.9333,62.55,96,100,2.86,overcast clouds
499,Wattegama,LK,2021-07-20 01:53:30,6.7989,81.4808,76.12,69,87,4.25,overcast clouds
500,Gualaquiza,EC,2021-07-20 01:53:30,-3.4,-78.55,60.55,100,100,1.1,light rain
501,Allapalli,IN,2021-07-20 01:53:31,19.4167,80.0667,80.33,86,100,5.5,overcast clouds
502,Rosehearty,GB,2021-07-20 01:53:31,57.697,-2.1132,61.61,84,100,4.88,overcast clouds
503,Manzil Salim,TN,2021-07-20 01:53:31,35.8567,8.4765,69.8,59,0,2.46,clear sky
504,Saint-Joseph,RE,2021-07-20 01:53:32,-21.3667,55.6167,68.38,73,35,16.13,scattered clouds
505,Gainesville,US,2021-07-20 01:50:20,29.6516,-82.3248,78.57,72,90,3.44,mist
506,Cascais,PT,2021-07-20 01:53:32,38.6979,-9.4215,66.47,70,69,20.0,broken clouds
507,Tabou,CI,2021-07-20 01:53:33,4.423,-7.3528,76.1,74,71,9.51,broken clouds
508,Leh,IN,2021-07-20 01:53:33,34.1667,77.5833,62.19,55,88,3.18,overcast clouds
509,Maues,BR,2021-07-20 01:53:33,-3.3836,-57.7186,78.96,69,86,1.05,overcast clouds
510,Santiago De Cao,PE,2021-07-20 01:53:34,-7.9589,-79.2392,64.53,88,40,6.91,scattered clouds
511,Aktau,KZ,2021-07-20 01:53:34,43.65,51.2,72.18,46,0,6.62,clear sky
512,Sao Jose Do Belmonte,BR,2021-07-20 01:53:34,-7.8614,-38.7597,70.25,72,2,9.26,clear sky
513,Pontes E Lacerda,BR,2021-07-20 01:53:35,-15.2261,-59.3353,56.79,29,1,4.5,clear sky
514,Tacna,PE,2021-07-20 01:53:35,-18.0056,-70.2483,50.9,79,44,2.19,scattered clouds
515,Capitan Bado,PY,2021-07-20 01:53:35,-23.2667,-55.5333,42.73,57,74,6.24,broken clouds
516,Hobyo,SO,2021-07-20 01:53:36,5.3505,48.5268,75.47,84,72,23.47,broken clouds
517,Jashpurnagar,IN,2021-07-20 01:53:36,22.9,84.15,76.05,84,100,3.02,moderate rain
518,Chipinge,ZW,2021-07-20 01:53:36,-20.1883,32.6236,45.37,90,0,2.21,clear sky
519,Wagar,SD,2021-07-20 01:53:37,16.1525,36.2032,79.5,71,100,18.7,overcast clouds
520,Carauari,BR,2021-07-20 01:53:37,-4.8828,-66.8958,75.92,74,60,2.59,broken clouds
521,Keetmanshoop,NA,2021-07-20 01:53:37,-26.5833,18.1333,52.72,32,21,8.05,few clouds
522,Jardim,BR,2021-07-20 01:53:38,-21.4803,-56.1381,46.4,35,8,3.87,clear sky
523,Gbadolite,CD,2021-07-20 01:53:38,4.2833,21.0167,68.27,95,96,0.6,overcast clouds
524,Pokhara,NP,2021-07-20 01:53:38,28.2333,83.9833,72.28,96,100,0.43,overcast clouds
525,Nkayi,CG,2021-07-20 01:53:39,-4.1841,13.2884,68.99,84,11,3.18,few clouds
526,Marabba,SD,2021-07-20 01:53:39,12.35,32.1833,79.99,67,100,12.21,overcast clouds
527,Cervo,ES,2021-07-20 01:53:39,43.6702,-7.4101,64.96,83,13,3.83,few clouds
528,Larsnes,NO,2021-07-20 01:53:40,62.2028,5.5773,57.85,87,100,8.84,overcast clouds
529,Ahtopol,BG,2021-07-20 01:53:40,42.1,27.95,73.87,89,0,3.89,clear sky
530,Kirkwall,GB,2021-07-20 01:53:40,58.9848,-2.9587,55.74,94,90,8.05,overcast clouds
531,Sebinkarahisar,TR,2021-07-20 01:53:41,40.2883,38.4236,67.23,40,0,3.06,clear sky
532,Aksu,CN,2021-07-20 01:53:41,41.1231,80.2644,72.54,56,25,5.32,scattered clouds
533,Muravlenko,RU,2021-07-20 01:53:41,63.7898,74.523,63.39,60,1,6.8,clear sky
534,Puerto Leguizamo,CO,2021-07-20 01:53:42,-0.1934,-74.7819,70.57,99,95,2.3,overcast clouds
535,Tocopilla,CL,2021-07-20 01:48:58,-22.092,-70.1979,64.42,62,100,7.05,overcast clouds
536,Omboue,GA,2021-07-20 01:53:42,-1.5746,9.2618,71.62,87,89,5.79,overcast clouds
537,Eyl,SO,2021-07-20 01:53:43,7.9803,49.8164,78.35,67,100,24.65,overcast clouds
538,Miandrivazo,MG,2021-07-20 01:53:44,-19.5167,45.4667,72.19,64,89,0.6,overcast clouds
539,Bethanien,NA,2021-07-20 01:53:44,-26.502,17.1583,55.53,35,5,7.43,clear sky
540,Goundam,ML,2021-07-20 01:53:45,16.4145,-3.6708,91.15,39,86,15.79,overcast clouds
541,San Juan,AR,2021-07-20 01:53:46,-31.5375,-68.5364,50.76,26,0,3.4,clear sky
542,Doha,QA,2021-07-20 01:53:46,25.2867,51.5333,91.38,71,0,5.75,clear sky
543,Krumbach,DE,2021-07-20 01:53:46,48.2418,10.3632,59.77,92,5,2.62,clear sky
544,Trincomalee,LK,2021-07-20 01:53:47,8.5711,81.2335,81.45,76,97,20.83,overcast clouds
545,Albacete,ES,2021-07-20 01:53:48,38.8333,-2.0,75.18,56,0,11.5,clear sky
546,Canton,CN,2021-07-20 01:53:48,23.1167,113.25,84.15,76,100,9.31,moderate rain
547,Trujillo,PE,2021-07-20 01:53:49,-8.116,-79.03,64.36,88,40,6.91,scattered clouds
548,Mao,ES,2021-07-20 01:49:17,39.8885,4.2658,70.36,73,0,5.75,clear sky
549,Shelburne,CA,2021-07-20 01:53:50,44.0787,-80.2041,72.66,94,2,7.7,clear sky
550,Masunga,BW,2021-07-20 01:53:50,-20.6246,27.4488,43.56,68,0,7.16,clear sky
551,Placido De Castro,BR,2021-07-20 01:53:51,-10.3353,-67.1856,67.1,62,4,3.11,clear sky
552,Humboldt,US,2021-07-20 01:53:51,40.6665,-123.9178,72.39,56,12,6.33,few clouds
553,Salinopolis,BR,2021-07-20 01:53:51,-0.6136,-47.3561,77.2,86,27,6.91,scattered clouds
554,Waldorf,US,2021-07-20 01:53:51,38.6246,-76.9391,80.58,83,21,4.54,few clouds
555,Mogwase,ZA,2021-07-20 01:53:52,-25.185,27.2665,43.14,35,0,1.77,clear sky
556,Uruzgan,AF,2021-07-20 01:53:52,32.8333,66.0,76.53,22,1,5.23,clear sky
557,Damghan,IR,2021-07-20 01:53:52,36.1683,54.348,75.87,41,0,1.41,clear sky
558,Torres,BR,2021-07-20 01:53:53,-29.3353,-49.7269,48.83,74,0,6.91,clear sky
559,Abdanan,IR,2021-07-20 01:53:53,32.9926,47.4198,85.68,17,0,5.21,clear sky
560,San Ramon,US,2021-07-20 01:53:53,37.7799,-121.978,92.48,54,1,7.0,clear sky
561,Nigel,ZA,2021-07-20 01:53:54,-26.4314,28.4771,42.98,21,0,1.7,clear sky
562,Morges,CH,2021-07-20 01:53:54,46.5113,6.4985,66.54,83,7,7.72,clear sky
563,Manturovo,RU,2021-07-20 01:53:54,58.3353,44.7619,61.83,97,100,3.29,overcast clouds
564,Niamey,NE,2021-07-20 01:53:55,13.5137,2.1098,86.29,58,0,8.05,clear sky
565,Pappadatai,GR,2021-07-20 01:53:55,39.3133,20.7925,67.42,83,0,3.13,clear sky
566,Glamoc,BA,2021-07-20 01:53:55,44.0458,16.8486,60.6,96,78,5.73,broken clouds
567,Varzea Da Palma,BR,2021-07-20 01:53:56,-17.5981,-44.7308,66.34,39,0,6.02,clear sky
568,Picos,BR,2021-07-20 01:53:56,-7.0769,-41.4669,75.27,45,28,1.92,scattered clouds
569,Maunabo,PR,2021-07-20 01:53:56,18.0072,-65.8993,82.42,86,62,13.49,broken clouds
570,Mantua,IT,2021-07-20 01:53:56,45.1667,10.7833,76.24,73,30,1.99,scattered clouds
571,Lodwar,KE,2021-07-20 01:53:57,3.1191,35.5973,81.99,46,98,4.21,overcast clouds
572,Gramoteino,RU,2021-07-20 01:53:57,54.5368,86.3839,60.75,80,7,1.59,clear sky
573,Nouakchott,MR,2021-07-20 01:53:13,18.0858,-15.9785,76.93,87,18,15.9,few clouds
574,Aksehir,TR,2021-07-20 01:53:58,38.3575,31.4164,67.55,38,0,4.21,clear sky
575,Scottsboro,US,2021-07-20 01:53:58,34.6723,-86.0341,76.3,100,75,5.75,broken clouds
576,Amot,NO,2021-07-20 01:53:58,59.5714,7.9877,52.75,89,79,6.82,broken clouds
577,Skibotn,NO,2021-07-20 01:53:59,69.3913,20.2679,42.89,99,100,5.03,light rain
578,Naryan-Mar,RU,2021-07-20 01:54:00,67.6713,53.087,49.75,80,100,8.93,overcast clouds
579,Port-Gentil,GA,2021-07-20 01:54:00,-0.7193,8.7815,74.26,81,97,9.51,overcast clouds
580,Sarrebourg,FR,2021-07-20 01:54:00,48.7333,7.05,60.37,95,1,5.53,clear sky
581,Muyezerskiy,RU,2021-07-20 01:54:01,63.9333,31.65,52.95,71,100,9.19,overcast clouds
582,Camocim,BR,2021-07-20 01:54:01,-2.9022,-40.8411,76.62,82,24,8.03,few clouds
583,Plover,US,2021-07-20 01:54:01,44.4564,-89.544,76.08,75,1,1.99,clear sky
584,Yar-Sale,RU,2021-07-20 01:54:02,66.8333,70.8333,62.1,63,36,13.31,scattered clouds
585,Miandoab,IR,2021-07-20 01:54:02,36.9694,46.1027,75.38,40,0,4.52,clear sky
586,Garmsar,IR,2021-07-20 01:54:02,35.2182,52.3409,83.43,30,23,3.87,few clouds
587,Concarneau,FR,2021-07-20 01:54:03,47.875,-3.9225,70.09,77,3,8.86,clear sky
588,Charleston,US,2021-07-20 01:53:11,32.7766,-79.9309,75.22,96,75,0.0,drizzle
589,Odweyne,SO,2021-07-20 01:54:03,9.4092,45.064,70.05,57,32,19.33,scattered clouds
590,Olbia,IT,2021-07-20 01:54:03,40.9214,9.4856,68.05,68,0,1.14,clear sky
591,Tabas,IR,2021-07-20 01:54:04,33.5959,56.9244,85.77,15,6,5.64,clear sky
592,Cap-Aux-Meules,CA,2021-07-20 01:54:04,47.3821,-61.8597,68.05,94,75,8.05,broken clouds
593,Jacqueville,CI,2021-07-20 01:54:04,5.2052,-4.4146,78.71,81,65,14.88,broken clouds
594,Cimitarra,CO,2021-07-20 01:54:05,6.3142,-73.9497,77.2,83,98,4.29,overcast clouds
595,Aleksandro-Nevskiy,RU,2021-07-20 01:54:05,53.4751,40.2095,68.27,72,99,6.11,overcast clouds
596,Luau,AO,2021-07-20 01:54:05,-10.7073,22.2247,53.67,52,41,5.1,scattered clouds
597,Novouzensk,RU,2021-07-20 01:54:06,50.4592,48.1431,78.66,48,0,6.82,clear sky
598,Nyrob,RU,2021-07-20 01:54:06,60.733,56.7202,64.0,77,61,4.74,broken clouds
599,Kitgum,UG,2021-07-20 01:54:06,3.2783,32.8867,63.43,95,52,0.87,light rain
600,Alikalia,SL,2021-07-20 01:54:07,9.1667,-11.4,69.67,100,99,2.24,light rain
601,Chicama,PE,2021-07-20 01:54:07,-7.8447,-79.1469,63.14,81,4,5.26,clear sky
602,Nefteyugansk,RU,2021-07-20 01:54:07,61.0998,72.6035,64.65,82,48,8.12,scattered clouds
603,Colares,PT,2021-07-20 01:54:08,38.7992,-9.4469,66.29,73,83,20.0,broken clouds
604,Gurupa,BR,2021-07-20 01:54:08,-1.405,-51.64,75.25,87,35,3.42,scattered clouds
605,Mahemdavad,IN,2021-07-20 01:54:08,22.8333,72.7667,80.85,73,100,14.47,light rain
606,Rauma,FI,2021-07-20 01:54:09,61.1272,21.5113,55.44,69,97,9.66,overcast clouds
607,Edgewater,US,2021-07-20 01:52:48,28.9889,-80.9023,80.29,94,75,5.75,light rain
608,Akranes,IS,2021-07-20 01:54:09,64.3218,-22.0749,52.36,96,100,3.76,overcast clouds
609,Quepos,CR,2021-07-20 01:54:09,9.4236,-84.1652,85.3,86,100,1.25,overcast clouds
610,Xuddur,SO,2021-07-20 01:54:10,4.1213,43.8894,68.79,76,90,17.87,overcast clouds
611,Bongor,TD,2021-07-20 01:54:10,10.2806,15.3722,73.08,87,69,3.87,light rain
612,Kousseri,CM,2021-07-20 01:54:10,12.0769,15.0306,76.96,88,0,4.61,clear sky
613,Sabha,LY,2021-07-20 01:54:11,27.0377,14.4283,81.12,32,58,15.26,broken clouds
614,Sistranda,NO,2021-07-20 01:54:11,63.7256,8.834,52.9,82,100,20.54,overcast clouds
615,Louisville,US,2021-07-20 01:49:47,38.2542,-85.7594,77.95,78,14,7.16,few clouds
616,Raudeberg,NO,2021-07-20 01:54:12,61.9875,5.1352,54.86,80,100,16.58,overcast clouds
617,Mahuva,IN,2021-07-20 01:54:13,21.0914,71.7622,81.97,80,100,17.69,overcast clouds
618,Mayor Pablo Lagerenza,PY,2021-07-20 01:54:13,-19.9309,-60.7718,55.83,20,67,4.47,broken clouds
619,Arkhangelsk,RU,2021-07-20 01:54:13,64.5401,40.5433,57.31,77,40,6.71,moderate rain
620,Bambari,CF,2021-07-20 01:54:14,5.768,20.6757,68.04,88,100,0.47,overcast clouds
621,Santiago Del Estero,AR,2021-07-20 01:54:13,-27.7951,-64.2615,46.8,31,0,7.7,clear sky
622,Filadelfia,US,2021-07-20 01:50:56,39.9523,-75.1638,80.85,72,1,5.75,clear sky
623,Boda,CF,2021-07-20 01:54:14,4.3189,17.4695,67.89,95,100,2.57,overcast clouds
624,Ondjiva,AO,2021-07-20 01:54:16,-17.0667,15.7333,52.43,38,3,6.98,clear sky
625,Inverness,GB,2021-07-20 01:54:16,57.4791,-4.224,60.98,91,75,1.01,broken clouds
626,Lloret De Mar,ES,2021-07-20 01:54:16,41.6999,2.8457,79.05,89,0,3.0,clear sky
627,Trelew,AR,2021-07-20 01:54:17,-43.249,-65.3051,55.17,34,100,5.84,overcast clouds
628,Boa Vista,BR,2021-07-20 01:50:10,2.8197,-60.6733,78.78,83,20,2.3,few clouds
629,Riyadh,SA,2021-07-20 01:54:17,24.6877,46.7219,93.34,42,82,6.49,broken clouds
630,Aksay,RU,2021-07-20 01:54:17,47.26,39.87,86.25,31,0,5.01,clear sky
631,Paraiba Do Sul,BR,2021-07-20 01:54:18,-22.1619,-43.2928,49.69,64,100,4.12,overcast clouds
632,Yugorsk,RU,2021-07-20 01:54:18,61.3133,63.3319,66.07,64,66,6.22,broken clouds
633,Dwarka,IN,2021-07-20 01:54:18,22.2394,68.9678,82.98,79,100,25.93,overcast clouds
634,Yazman,PK,2021-07-20 01:54:19,29.1212,71.7446,87.87,65,100,17.11,overcast clouds
635,Igrim,RU,2021-07-20 01:54:19,63.1906,64.4162,67.35,63,86,8.3,overcast clouds
636,Vardenik,AM,2021-07-20 01:54:19,40.1393,45.4334,65.61,56,25,2.68,scattered clouds
637,Malakal,SS,2021-07-20 01:54:19,9.5334,31.6605,71.37,94,98,6.4,overcast clouds
638,Umm Kaddadah,SD,2021-07-20 01:54:20,13.6017,26.6876,81.34,57,68,15.52,broken clouds
639,Iskateley,RU,2021-07-20 01:54:20,67.6803,53.1512,49.71,80,100,8.77,overcast clouds
640,Rio Cuarto,AR,2021-07-20 01:54:21,-33.1307,-64.3499,40.84,33,1,8.21,clear sky
641,Montivilliers,FR,2021-07-20 01:54:21,49.5452,0.1877,67.6,72,0,6.91,clear sky
642,Amalapuram,IN,2021-07-20 01:54:21,16.5833,82.0167,82.78,76,100,10.11,overcast clouds
643,Baillif,GP,2021-07-20 01:54:21,16.0202,-61.7463,80.1,81,0,14.0,clear sky
644,Rabat,MA,2021-07-20 01:53:12,33.9911,-6.8401,68.16,83,75,3.44,broken clouds
645,Morrope,PE,2021-07-20 01:54:22,-6.5417,-80.0111,66.79,79,8,11.45,clear sky
646,Chebarkul,RU,2021-07-20 01:54:22,54.9749,60.3633,64.51,71,6,3.94,clear sky
647,Puerto Varas,CL,2021-07-20 01:54:22,-41.3195,-72.9854,50.22,100,90,9.22,overcast clouds
648,Jaicos,BR,2021-07-20 01:54:23,-7.3592,-41.1378,75.54,43,24,4.21,few clouds
649,Mapiripan,CO,2021-07-20 01:54:23,2.8892,-72.1256,70.02,96,27,2.17,scattered clouds
650,Sept-Iles,CA,2021-07-20 01:54:24,50.2001,-66.3821,65.05,87,90,3.44,overcast clouds
651,Oussouye,SN,2021-07-20 01:54:24,12.485,-16.5469,78.98,86,55,6.26,broken clouds
652,Comarapa,BO,2021-07-20 01:54:24,-17.9,-64.4833,48.27,90,99,2.06,overcast clouds
653,Cabinda,AO,2021-07-20 01:54:25,-5.55,12.2,70.75,88,16,5.44,few clouds
654,Coxim,BR,2021-07-20 01:54:26,-18.5067,-54.76,57.24,15,0,7.78,clear sky
655,Arinos,BR,2021-07-20 01:54:26,-15.9169,-46.1056,68.4,42,1,4.12,clear sky
656,Porbandar,IN,2021-07-20 01:54:26,21.6422,69.6093,82.85,81,100,23.0,overcast clouds
657,Dalvik,IS,2021-07-20 01:54:27,65.9702,-18.5286,44.53,82,40,2.08,scattered clouds
658,Mahibadhoo,MV,2021-07-20 01:54:27,3.7833,72.9667,83.12,71,72,9.46,broken clouds
659,Rumford,US,2021-07-20 01:54:27,44.5537,-70.5509,66.29,96,46,2.68,scattered clouds
660,Nanyamba,TZ,2021-07-20 01:54:28,-10.6833,39.8333,63.14,98,41,5.28,scattered clouds
661,El Tigre,VE,2021-07-20 01:54:28,8.8875,-64.2454,73.92,86,94,9.22,overcast clouds
662,Tucuman,AR,2021-07-20 01:54:28,-26.8241,-65.2226,42.8,75,0,5.75,clear sky
663,Beyneu,KZ,2021-07-20 01:54:29,45.3167,55.2,86.99,27,0,4.18,clear sky
664,Vilhena,BR,2021-07-20 01:54:29,-12.7406,-60.1458,61.41,63,0,3.69,clear sky
665,Daru,PG,2021-07-20 01:54:29,-9.0763,143.2092,80.65,75,51,14.05,broken clouds
666,Muisne,EC,2021-07-20 01:54:30,0.6,-80.0333,75.34,87,79,3.96,broken clouds
667,Saquena,PE,2021-07-20 01:54:30,-4.6667,-73.5167,70.81,97,19,1.48,few clouds
668,Buarcos,PT,2021-07-20 01:54:30,40.166,-8.8768,64.74,94,100,8.3,overcast clouds
669,Asosa,ET,2021-07-20 01:54:31,10.0667,34.5333,58.33,96,97,2.95,light rain
670,Azul,AR,2021-07-20 01:50:34,-36.777,-59.8585,40.08,64,17,7.83,few clouds
671,Meiganga,CM,2021-07-20 01:54:31,6.5167,14.3,62.91,98,74,3.56,broken clouds
672,Kulautuva,LT,2021-07-20 01:54:31,54.9333,23.6,57.2,85,45,4.72,scattered clouds
673,Luanda,AO,2021-07-20 01:54:32,-8.8368,13.2343,66.97,92,15,8.72,few clouds
674,Acarau,BR,2021-07-20 01:54:32,-2.8856,-40.12,77.31,85,19,9.91,few clouds
675,Teruel,ES,2021-07-20 01:54:32,40.6667,-0.6667,65.43,54,0,6.04,clear sky
676,Riberalta,BO,2021-07-20 01:54:33,-10.9833,-66.1,66.9,61,4,3.42,clear sky
677,Estelle,US,2021-07-20 01:51:08,29.8458,-90.1067,84.2,77,1,4.09,clear sky
678,Karaton,ID,2021-07-20 01:54:33,-6.3424,106.1045,83.89,68,82,2.93,broken clouds
679,Weligama,LK,2021-07-20 01:54:33,5.9667,80.4167,80.98,80,87,13.91,overcast clouds
680,Eydhafushi,MV,2021-07-20 01:54:34,5.1033,73.0708,82.67,74,100,8.37,overcast clouds
681,Dutse,NG,2021-07-20 01:54:34,11.7594,9.3392,74.21,81,78,8.52,broken clouds
682,Agadez,NE,2021-07-20 01:54:34,19.75,10.25,86.04,19,12,1.48,few clouds
683,Tucurui,BR,2021-07-20 01:54:35,-3.7661,-49.6725,77.38,64,16,3.31,few clouds
684,Dalbandin,PK,2021-07-20 01:54:35,28.8947,64.4101,86.65,13,74,12.62,broken clouds
685,Vitina,BA,2021-07-20 01:54:35,43.2375,17.4839,67.57,79,37,3.89,scattered clouds
686,Grand-Santi,GF,2021-07-20 01:54:36,4.25,-54.3833,72.3,99,92,2.3,overcast clouds
687,Podyuga,RU,2021-07-20 01:54:36,61.095,40.8647,53.11,76,3,3.04,clear sky
688,Butembo,CD,2021-07-20 01:54:36,0.15,29.2833,57.85,93,94,1.86,overcast clouds
689,Tombouctou,ML,2021-07-20 01:54:37,20.0,-3.0,93.38,24,15,10.69,few clouds
690,Moose Factory,CA,2021-07-20 01:54:37,51.2585,-80.6094,50.0,62,1,3.44,clear sky
691,Los Llanos De Aridane,ES,2021-07-20 01:54:37,28.6585,-17.9182,65.95,83,75,16.11,broken clouds
692,Kafanchan,NG,2021-07-20 01:54:38,9.5833,8.3,74.37,98,58,3.06,broken clouds
693,Caceres,ES,2021-07-20 01:54:39,39.522,-6.3748,60.8,67,17,3.87,few clouds
694,Narasannapeta,IN,2021-07-20 01:54:39,18.4167,84.05,84.33,77,100,4.36,overcast clouds
695,Trairi,BR,2021-07-20 01:54:34,-3.2778,-39.2689,77.92,86,14,9.33,few clouds
696,Antofagasta,CL,2021-07-20 01:53:12,-23.65,-70.4,56.48,77,100,3.29,overcast clouds
697,Kayes,ML,2021-07-20 01:54:41,14.0,-11.0,74.05,79,100,10.49,overcast clouds
698,Murindo,CO,2021-07-20 01:54:41,6.9848,-76.7544,76.17,95,41,0.92,scattered clouds
699,Ormara,PK,2021-07-20 01:54:42,25.2088,64.6357,83.17,88,100,21.09,overcast clouds
700,Banda Aceh,ID,2021-07-20 01:54:42,5.5577,95.3222,84.11,68,100,12.28,overcast clouds
701,Kenscoff,HT,2021-07-20 01:54:42,18.4506,-72.2869,69.94,54,94,16.11,light rain
702,Paita,PE,2021-07-20 01:54:43,-5.0892,-81.1144,65.68,83,0,12.35,clear sky
